{"metaData": {"nodes": 70, "triangles": 110, "version": "0.1"}, "mesh": {"nodes": [[135.0, 0.0, 0.0], [105.0, -6.99999999999995e-16, 0.0], [93.9320755005552, 14.4754544750047, 0.0], [31.448369, 31.448369, 0.0], [14.4754544750047, 93.9320755005552, 0.0], [9.18485099360515e-16, 105.0, 0.0], [8.28318295255387e-15, 135.0, 0.0], [95.4594154601839, 95.4594154601839, 0.0], [120.0, -3.499999999999964e-16, 0.0], [101.9159794500563, 9.110951308498805, 0.0], [78.3111488754164, 18.71868310625352, 0.0], [62.6902222502776, 22.96191173750234, 0.0], [47.06929562513882, 27.20514036875117, 0.0], [18.71868310625353, 78.3111488754164, 0.0], [22.96191173750235, 62.6902222502776, 0.0], [27.20514036875117, 47.06929562513882, 0.0], [9.110951308498777, 101.9159794500563, 0.0], [4.609242549680269e-15, 120.0, 0.0], [82.18279291617725, 107.1027009393168, 0.0], [67.49999999999986, 116.9134295108993, 0.0], [51.66226336928685, 124.7237368890238, 0.0], [34.94057108883992, 130.3999865490243, 0.0], [17.62103594970651, 133.8450562854645, 0.0], [133.8450562854644, 17.62103594970697, 0.0], [130.3999865490242, 34.94057108884034, 0.0], [124.7237368890237, 51.66226336928717, 0.0], [116.9134295108992, 67.50000000000009, 0.0], [107.1027009393167, 82.18279291617732, 0.0], [58.31196776009004, 37.50594359819517, 0.0], [34.19272959842451, 72.88111793762195, 0.0], [88.27119970354724, 28.22069062536718, 0.0], [92.31624229912957, 81.66928206688378, 0.0], [18.82510510255393, 102.6535384812113, 0.0], [67.64529063856392, 99.61131110643387, 0.0], [105.7708247698934, 25.40709523626542, 0.0], [98.33258895700023, 39.8930222859233, 0.0], [25.21027690536565, 93.07601965901729, 0.0], [30.85995384847434, 103.9482590567145, 0.0], [37.82811881737073, 93.96737389748336, 0.0], [82.85153505395361, 43.08271642587199, 0.0], [117.5352369491087, 16.98480073692208, 0.0], [90.66226342060824, 55.40860670640889, 0.0], [75.53317373553395, 57.65171834100726, 0.0], [12.63719435868024, 111.9208143370204, 0.0], [44.43906516573555, 106.4657730298771, 0.0], [42.85285444639878, 42.70601968634391, 0.0], [57.05062995092365, 54.29476234765861, 0.0], [38.61164534114965, 58.55450272643516, 0.0], [114.8412850480025, 38.62738585516368, 0.0], [50.9942776480744, 72.80171522591284, 0.0], [107.7321460729434, 53.51677166563228, 0.0], [112.5825134021418, 8.172053595972088, 0.0], [80.10840011596574, 91.3461232957029, 0.0], [65.70557936070688, 82.29224650626577, 0.0], [53.08575771873305, 91.27905406470596, 0.0], [23.68274824899492, 120.9897840345309, 0.0], [99.83117711367345, 68.31292912211117, 0.0], [65.03525133182664, 67.62523677558578, 0.0], [34.76419255118104, 116.3012242562603, 0.0], [73.32858383244314, 32.38189411992847, 0.0], [81.31315533963492, 72.04373468770936, 0.0], [11.64042937423697, 123.3208114378766, 0.0], [42.09096533628774, 83.05047008425908, 0.0], [69.41517806658888, 44.9834069665323, 0.0], [57.28921371980078, 108.7343123217126, 0.0], [31.60815475274043, 84.25722609075962, 0.0], [108.1141693516608, 15.58596290159391, 0.0], [24.1538388219769, 111.1627240331475, 0.0], [125.345347103902, 9.343201355874136, 0.0], [121.4749853260935, 27.39525862736981, 0.0]], "triangles": [[18, 6, 44], [42, 57, 61], [57, 32, 61], [6, 17, 44], [50, 55, 63], [5, 14, 37], [3, 10, 67], [41, 35, 67], [50, 54, 55], [35, 41, 70], [43, 47, 64], [47, 43, 58], [43, 42, 61], [2, 9, 52], [53, 54, 61], [49, 35, 70], [11, 3, 31], [35, 3, 67], [45, 21, 59], [25, 26, 49], [49, 26, 51], [54, 50, 58], [21, 45, 65], [32, 53, 61], [37, 14, 66], [19, 20, 34], [28, 8, 32], [45, 55, 65], [45, 39, 55], [4, 13, 46], [16, 4, 46], [13, 29, 46], [15, 16, 48], [13, 12, 29], [14, 15, 30], [40, 42, 43], [16, 46, 48], [46, 29, 47], [46, 47, 48], [30, 15, 48], [23, 7, 62], [40, 36, 42], [48, 47, 50], [30, 48, 50], [21, 22, 59], [7, 18, 62], [26, 27, 51], [31, 3, 35], [36, 49, 51], [51, 27, 57], [42, 36, 51], [53, 34, 54], [31, 36, 40], [36, 35, 49], [47, 29, 64], [42, 51, 57], [29, 12, 60], [18, 44, 62], [50, 47, 58], [54, 34, 55], [19, 34, 53], [32, 8, 53], [55, 34, 65], [8, 19, 53], [17, 5, 33], [1, 24, 69], [41, 24, 70], [27, 28, 57], [31, 40, 60], [28, 32, 57], [22, 23, 56], [20, 21, 65], [10, 2, 52], [38, 39, 45], [29, 60, 64], [24, 41, 69], [24, 25, 70], [31, 35, 36], [12, 11, 60], [38, 37, 39], [14, 30, 66], [11, 31, 60], [41, 52, 69], [44, 56, 62], [52, 9, 69], [56, 44, 68], [54, 58, 61], [33, 37, 38], [33, 5, 37], [34, 20, 65], [17, 33, 44], [30, 50, 63], [40, 43, 64], [9, 1, 69], [55, 39, 63], [25, 49, 70], [38, 45, 59], [38, 59, 68], [60, 40, 64], [22, 56, 59], [58, 43, 61], [39, 37, 66], [59, 56, 68], [33, 38, 68], [56, 23, 62], [10, 52, 67], [63, 39, 66], [44, 33, 68], [30, 63, 66], [52, 41, 67]], "edges": []}}